hotel,harga,rating
ValStar Hotel Canggu,Rp 642.000,"9,5
Skor 9,5"
New Garden View Resort - CHSE Certified,Rp 487.058,"7,6
Skor 7,6"
Adiwana Resort Jembawan,Rp 3.395.000,"9,1
Skor 9,1"
"Turtle Villas, Canggu",Rp 738.530,"8,5
Skor 8,5"
Desa Eko,Rp 1.051.993,"9,1
Skor 9,1"
Pandana Boutique Hotel,Rp 900.000,"8,6
Skor 8,6"
Jesens Inn II,Rp 360.305,"7,8
Skor 7,8"
Swan Paradise A Pramana Experience,Rp 912.517,"8,9
Skor 8,9"
Villa Lembah Damai by Pramana Villas,Rp 1.144.422,"8,8
Skor 8,8"
"Desa Swan Villas & SPA, Keramas",Rp 1.334.161,"8,8
Skor 8,8"
Pangkung Carik Villa by Pramana Villas,Rp 766.501,"8,6
Skor 8,6"
Inara Alas Harum,Rp 2.033.200,"9,6
Skor 9,6"
New Sunari Lovina Beach Resort,Rp 545.296,"8,3
Skor 8,3"
Louka Beach Bali,Rp 4.014.545,"9,6
Skor 9,6"
Sanna Ubud A Pramana Experience,Rp 5.256.144,"9,4
Skor 9,4"
Nau Villa Ubud,Rp 2.324.486,"9,1
Skor 9,1"
Aksari Resort Ubud by Ini Vie Hospitality,Rp 2.553.394,"8,7
Skor 8,7"
Campuhan Sebatu Resort,Rp 874.000,"8,9
Skor 8,9"
Villa Telaga Wana,Rp 797.516,"9,6
Skor 9,6"
Natya Resort Ubud,Rp 4.226.394,"9,2
Skor 9,2"
Cicada Luxury Resort - Ubud,Rp 3.958.502,"9,7
Skor 9,7"
Oculus Bali,Rp 1.370.482,"8,5
Skor 8,5"
GK Bali Resort,Rp 2.553.394,"9,5
Skor 9,5"
The Ume,Rp 476.928,"7,8
Skor 7,8"
Amnaya Resort Kuta,Rp 3.900.807,"9,0
Skor 9,0"
ValStar Hotel Canggu,Rp 642.000,"9,5
Skor 9,5"
New Garden View Resort - CHSE Certified,Rp 487.058,"7,6
Skor 7,6"
Adiwana Resort Jembawan,Rp 3.395.000,"9,1
Skor 9,1"
Tandjung Sari Hotel,Rp 4.531.500,"9,6
Skor 9,6"
Desa Eko,Rp 1.051.993,"9,1
Skor 9,1"
Pandana Boutique Hotel,Rp 900.000,"8,6
Skor 8,6"
Jesens Inn II,Rp 360.305,"7,8
Skor 7,8"
Swan Paradise A Pramana Experience,Rp 912.517,"8,9
Skor 8,9"
Villa Lembah Damai by Pramana Villas,Rp 1.144.422,"8,8
Skor 8,8"
"Desa Swan Villas & SPA, Keramas",Rp 1.334.161,"8,8
Skor 8,8"
Pangkung Carik Villa by Pramana Villas,Rp 766.501,"8,6
Skor 8,6"
Inara Alas Harum,Rp 2.033.200,"9,6
Skor 9,6"
New Sunari Lovina Beach Resort,Rp 545.296,"8,3
Skor 8,3"
Louka Beach Bali,Rp 4.014.545,"9,6
Skor 9,6"
Sanna Ubud A Pramana Experience,Rp 5.256.144,"9,4
Skor 9,4"
Nau Villa Ubud,Rp 2.324.486,"9,1
Skor 9,1"
Aksari Resort Ubud by Ini Vie Hospitality,Rp 2.553.394,"8,7
Skor 8,7"
Campuhan Sebatu Resort,Rp 874.000,"8,9
Skor 8,9"
Villa Telaga Wana,Rp 797.516,"9,6
Skor 9,6"
Natya Resort Ubud,Rp 4.226.394,"9,2
Skor 9,2"
Cicada Luxury Resort - Ubud,Rp 3.958.502,"9,7
Skor 9,7"
Oculus Bali,Rp 1.370.482,"8,5
Skor 8,5"
GK Bali Resort,Rp 2.553.394,"9,5
Skor 9,5"
The Ume,Rp 476.928,"7,8
Skor 7,8"
Amnaya Resort Kuta,Rp 3.900.807,"9,0
Skor 9,0"
ValStar Hotel Canggu,Rp 642.000,"9,5
Skor 9,5"
New Garden View Resort - CHSE Certified,Rp 487.058,"7,6
Skor 7,6"
Adiwana Resort Jembawan,Rp 3.395.000,"9,1
Skor 9,1"
Pandana Boutique Hotel,Rp 900.000,"8,6
Skor 8,6"
Jesens Inn II,Rp 360.305,"7,8
Skor 7,8"
Swan Paradise A Pramana Experience,Rp 912.517,"8,9
Skor 8,9"
Villa Lembah Damai by Pramana Villas,Rp 1.144.422,"8,8
Skor 8,8"
"Desa Swan Villas & SPA, Keramas",Rp 1.334.161,"8,8
Skor 8,8"
Pangkung Carik Villa by Pramana Villas,Rp 766.501,"8,6
Skor 8,6"
Inara Alas Harum,Rp 2.033.200,"9,6
Skor 9,6"
Desa Eko,Rp 1.051.993,"9,1
Skor 9,1"
New Sunari Lovina Beach Resort,Rp 545.296,"8,3
Skor 8,3"
Louka Beach Bali,Rp 4.014.545,"9,6
Skor 9,6"
Sanna Ubud A Pramana Experience,Rp 5.256.144,"9,4
Skor 9,4"
Nau Villa Ubud,Rp 2.324.486,"9,1
Skor 9,1"
Aksari Resort Ubud by Ini Vie Hospitality,Rp 2.553.394,"8,7
Skor 8,7"
Campuhan Sebatu Resort,Rp 874.000,"8,9
Skor 8,9"
Villa Telaga Wana,Rp 797.516,"9,6
Skor 9,6"
Cicada Luxury Resort - Ubud,Rp 3.958.502,"9,7
Skor 9,7"
Oculus Bali,Rp 1.370.482,"8,5
Skor 8,5"
GK Bali Resort,Rp 2.553.394,"9,5
Skor 9,5"
The Ume,Rp 476.928,"7,8
Skor 7,8"
Amnaya Resort Kuta,Rp 3.900.807,"9,0
Skor 9,0"
Sawit Garden Cottages,Rp 529.500,"9,3
Skor 9,3"
Kastara Resort,Rp 3.604.560,"9,3
Skor 9,3"
ValStar Hotel Canggu,Rp 642.000,"9,5
Skor 9,5"
New Garden View Resort - CHSE Certified,Rp 487.058,"7,6
Skor 7,6"
Adiwana Resort Jembawan,Rp 3.395.000,"9,1
Skor 9,1"
Tandjung Sari Hotel,Rp 4.531.500,"9,6
Skor 9,6"
Desa Eko,Rp 1.051.993,"9,1
Skor 9,1"
Pandana Boutique Hotel,Rp 900.000,"8,6
Skor 8,6"
Jesens Inn II,Rp 360.305,"7,8
Skor 7,8"
Swan Paradise A Pramana Experience,Rp 912.517,"8,9
Skor 8,9"
Villa Lembah Damai by Pramana Villas,Rp 1.144.422,"8,8
Skor 8,8"
"Desa Swan Villas & SPA, Keramas",Rp 1.334.161,"8,8
Skor 8,8"
Pangkung Carik Villa by Pramana Villas,Rp 766.501,"8,6
Skor 8,6"
Inara Alas Harum,Rp 2.033.200,"9,6
Skor 9,6"
New Sunari Lovina Beach Resort,Rp 545.296,"8,3
Skor 8,3"
Louka Beach Bali,Rp 4.014.545,"9,6
Skor 9,6"
Sanna Ubud A Pramana Experience,Rp 5.256.144,"9,4
Skor 9,4"
Nau Villa Ubud,Rp 2.324.486,"9,1
Skor 9,1"
Aksari Resort Ubud by Ini Vie Hospitality,Rp 2.553.394,"8,7
Skor 8,7"
Campuhan Sebatu Resort,Rp 874.000,"8,9
Skor 8,9"
Villa Telaga Wana,Rp 797.516,"9,6
Skor 9,6"
Natya Resort Ubud,Rp 4.226.394,"9,2
Skor 9,2"
Cicada Luxury Resort - Ubud,Rp 3.958.502,"9,7
Skor 9,7"
Oculus Bali,Rp 1.370.482,"8,5
Skor 8,5"
GK Bali Resort,Rp 2.553.394,"9,5
Skor 9,5"
The Ume,Rp 476.928,"7,8
Skor 7,8"
Amnaya Resort Kuta,Rp 3.900.807,"9,0
Skor 9,0"
SPOT ON 92399 Hotel Sekar Jagat Near Pantai Baluk Rening,Rp 45.970,"8,4
Skor 8,4"
New Garden View Resort - CHSE Certified,Rp 487.058,"7,6
Skor 7,6"
Adiwana Resort Jembawan,Rp 3.395.000,"9,1
Skor 9,1"
Desa Eko,Rp 1.051.993,"9,1
Skor 9,1"
Pandana Boutique Hotel,Rp 900.000,"8,6
Skor 8,6"
Bliss Surfer Legian,Rp 447.994,"7,7
Skor 7,7"
Hotel NEO+ Kuta Legian by ASTON,Rp 524.245,"7,9
Skor 7,9"
Beten Enjung Home Stay&waroeng,Rp 300.000,"8,6
Skor 8,6"
Swan Paradise A Pramana Experience,Rp 912.517,"8,9
Skor 8,9"
Villa Lembah Damai by Pramana Villas,Rp 1.144.422,"8,8
Skor 8,8"
"Desa Swan Villas & SPA, Keramas",Rp 1.334.161,"8,8
Skor 8,8"
Pangkung Carik Villa by Pramana Villas,Rp 766.501,"8,6
Skor 8,6"
Inara Alas Harum,Rp 2.033.200,"9,6
Skor 9,6"
New Sunari Lovina Beach Resort,Rp 545.296,"8,3
Skor 8,3"
Louka Beach Bali,Rp 4.014.545,"9,6
Skor 9,6"
Sanna Ubud A Pramana Experience,Rp 5.256.144,"9,4
Skor 9,4"
Nau Villa Ubud,Rp 2.925.810,"9,1
Skor 9,1"
Aksari Resort Ubud by Ini Vie Hospitality,Rp 2.553.394,"8,7
Skor 8,7"
Campuhan Sebatu Resort,Rp 874.000,"8,9
Skor 8,9"
Villa Telaga Wana,Rp 797.516,"9,6
Skor 9,6"
Cicada Luxury Resort - Ubud,Rp 3.958.502,"9,7
Skor 9,7"
GK Bali Resort,Rp 2.553.394,"9,5
Skor 9,5"
The Ume,Rp 476.928,"7,8
Skor 7,8"
Amnaya Resort Kuta,Rp 3.900.807,"9,0
Skor 9,0"
Sawit Garden Cottages,Rp 529.500,"9,3
Skor 9,3"
